name,longitude,latitude
Wakefield,-73.84720052054902,40.89470517661
Co-op City,-73.82993910812398,40.87429419303012
Eastchester,-73.82780644716412,40.887555677350775
Fieldston,-73.90564259591682,40.89543742690383
Riverdale,-73.9125854610857,40.890834493891305
Kingsbridge,-73.90281798724604,40.88168737120521
Marble Hill,-73.91065965862981,40.87655077879964
Woodlawn,-73.86731496814176,40.89827261213805
Norwood,-73.8793907395681,40.87722415599446
Williamsbridge,-73.85744642974207,40.88103887819211
Baychester,-73.83579759808117,40.866858107252696
Pelham Parkway,-73.85475564017999,40.85741349808865
City Island,-73.78648845267413,40.84724670491813
Bedford Park,-73.8855121841913,40.870185164975325
University Heights,-73.9104159619131,40.85572707719664
Morris Heights,-73.91967159119565,40.84789792606271
Fordham,-73.89642655981623,40.86099679638654
East Tremont,-73.88735617532338,40.84269615786053
West Farms,-73.87774474910545,40.83947505672653
High  Bridge,-73.9261020935813,40.836623010706056
Melrose,-73.90942160757436,40.819754370594936
Mott Haven,-73.91609987487575,40.80623874935177
Port Morris,-73.91322139386135,40.801663627756206
Longwood,-73.8957882009446,40.81509904545822
Hunts Point,-73.88331505955291,40.80972987938709
Morrisania,-73.90150648943059,40.82359198585534
Soundview,-73.86574609554924,40.821012197914015
Clason Point,-73.85414416189266,40.80655112003589
Throgs Neck,-73.81635002158441,40.81510925804005
Country Club,-73.8240992675385,40.844245936947374
Parkchester,-73.85600310535783,40.837937822267286
Westchester Square,-73.84219407604444,40.8406194964327
Van Nest,-73.8662991807561,40.84360847124718
Morris Park,-73.85040178030421,40.847549063536334
Belmont,-73.88845196134804,40.85727710073895
Spuyten Duyvil,-73.91719048210393,40.88139497727086
North Riverdale,-73.90453054908927,40.90854282950666
Pelham Bay,-73.8320737824047,40.85064140940335
Schuylerville,-73.82620275994073,40.82657951686922
Edgewater Park,-73.81388514428619,40.821986118163494
Castle Hill,-73.84802729582735,40.819014376988314
Olinville,-73.86332361652777,40.87137078192371
Pelham Gardens,-73.84161194831223,40.86296562477998
Concourse,-73.91558941773444,40.83428380733851
Unionport,-73.85053524451935,40.82977429787161
Edenwald,-73.84808271877168,40.88456130303732
Bay Ridge,-74.03062069353813,40.625801065010656
Bensonhurst,-73.99517998380729,40.61100890202044
Sunset Park,-74.01031618527784,40.64510294925429
Greenpoint,-73.95424093127393,40.7302009848647
Gravesend,-73.97347087708445,40.59526001306593
Brighton Beach,-73.96509448785336,40.57682506566604
Sheepshead Bay,-73.94318640482979,40.58689012678384
Manhattan Terrace,-73.95743840559939,40.61443251335098
Flatbush,-73.95840106533903,40.63632589026677
Crown Heights,-73.94329119073582,40.67082917695294
East Flatbush,-73.93610256185836,40.64171776668961
Kensington,-73.98042110559474,40.642381958003526
Windsor Terrace,-73.98007340430172,40.65694583575104
Prospect Heights,-73.9648592426269,40.676822262254724
Brownsville,-73.91023536176607,40.66394994339755
Williamsburg,-73.95811529220927,40.70714439344251
Bushwick,-73.92525797487045,40.69811611017901
Bedford Stuyvesant,-73.94178488690297,40.687231607720456
Brooklyn Heights,-73.99378225496424,40.695863722724084
Cobble Hill,-73.99856139218463,40.687919722485574
Carroll Gardens,-73.99465372828006,40.680540231076485
Red Hook,-74.0127589747356,40.676253230250886
Gowanus,-73.99444087145339,40.673931143187154
Fort Greene,-73.97290574369092,40.68852726018977
Park Slope,-73.97705030183924,40.67232052268197
Cypress Hills,-73.87661596457296,40.68239101144211
East New York,-73.88069863917366,40.669925700847045
Starrett City,-73.87936970045875,40.64758905230874
Canarsie,-73.90209269778966,40.63556432797428
Flatlands,-73.92911302644674,40.630446043757466
Mill Island,-73.90818571777423,40.606336421685626
Manhattan Beach,-73.94353722891886,40.57791350308657
Coney Island,-73.98868295821637,40.57429256471601
Bath Beach,-73.99875221443519,40.59951870282238
Borough Park,-73.99049823044811,40.633130512758015
Dyker Heights,-74.01931375636022,40.619219457722636
Gerritsen Beach,-73.93010170691196,40.590848433902046
Marine Park,-73.93134404108497,40.609747779894604
Clinton Hill,-73.96784306216367,40.693229421881504
Sea Gate,-74.0078731120024,40.57637537890224
Downtown,-73.98346337431099,40.69084402109802
Boerum Hill,-73.98374824115798,40.685682912091444
Prospect Lefferts Gardens,-73.95489867077713,40.658420017469815
Ocean Hill,-73.91306831787395,40.678402554795355
City Line,-73.86797598081334,40.67856995727479
Bergen Beach,-73.89855633630317,40.61514955045308
Midwood,-73.95759523489838,40.62559589869843
Prospect Park South,-73.96261316716048,40.647008603185185
Georgetown,-73.91607483951324,40.62384524478419
East Williamsburg,-73.93885815269195,40.70849241041548
North Side,-73.95880857587582,40.714822906532014
South Side,-73.95800095153331,40.71086147265064
Ocean Parkway,-73.96836678035541,40.61305976667942
Fort Hamilton,-74.03197914537984,40.61476812694226
Chinatown,-73.99427936255978,40.71561842231432
Washington Heights,-73.93690027985234,40.85190252555305
Inwood,-73.92121042203897,40.86768396449915
Hamilton Heights,-73.94968791883366,40.823604284811935
Manhattanville,-73.9573853935188,40.8169344294978
Central Harlem,-73.94321112603905,40.81597606742414
East Harlem,-73.94418223148524,40.79224946663033
Upper East Side,-73.96050763135,40.775638573301805
Yorkville,-73.94711784471826,40.775929849884875
Lenox Hill,-73.9588596881376,40.76811265828733
Roosevelt Island,-73.94916769227953,40.76215960576283
Upper West Side,-73.97705923630603,40.787657998534854
Lincoln Square,-73.98533777001262,40.77352888942166
Clinton,-73.99611936309479,40.75910089146212
Midtown,-73.98166882730304,40.75469110270623
Murray Hill,-73.97833207924127,40.748303077252174
Chelsea,-74.00311633472813,40.744034706747975
Greenwich Village,-73.99991402945902,40.72693288536128
East Village,-73.98222616506416,40.727846777270244
Lower East Side,-73.98089031999291,40.71780674892765
Tribeca,-74.01068328559087,40.721521967443216
Little Italy,-73.99730467208073,40.71932379395907
Soho,-74.00065666959759,40.72218384131794
West Village,-74.00617998126812,40.73443393572434
Manhattan Valley,-73.96428617740655,40.797307041702865
Morningside Heights,-73.96389627905332,40.807999738165826
Gramercy,-73.98137594833541,40.737209832715
Battery Park City,-74.01686930508617,40.71193198394565
Financial District,-74.0106654452127,40.70710710727048
Astoria,-73.91565374304234,40.76850859335492
Woodside,-73.90184166838284,40.74634908860222
Jackson Heights,-73.88282109164365,40.75198138007367
Elmhurst,-73.88165622288388,40.744048505122024
Howard Beach,-73.8381376460028,40.65422527738487
Corona,-73.85682497345258,40.74238175015667
Forest Hills,-73.84447500788983,40.72526378216503
Kew Gardens,-73.82981905825703,40.7051790354148
Richmond Hill,-73.83183321446887,40.69794731471763
Flushing,-73.83177300329582,40.76445419697846
Long Island City,-73.93920223915505,40.75021734610528
Sunnyside,-73.92691617561577,40.74017628351924
East Elmhurst,-73.86704147658772,40.76407323883091
Maspeth,-73.89621713626859,40.725427374093606
Ridgewood,-73.90143517559589,40.70832315613858
Glendale,-73.87074167435605,40.70276242967838
Rego Park,-73.8578268690537,40.72897409480735
Woodhaven,-73.8581104655432,40.68988687915789
Ozone Park,-73.84320266173447,40.680708468265415
South Ozone Park,-73.80986478649041,40.66854957767195
College Point,-73.84304528896125,40.784902749260205
Whitestone,-73.81420216610863,40.78129076602694
Bayside,-73.7742736306867,40.76604063281064
Auburndale,-73.79176243728061,40.76172954903262
Little Neck,-73.7388977558074,40.7708261928267
Douglaston,-73.7424982072733,40.76684609790763
Glen Oaks,-73.71548118999145,40.74944079974332
Bellerose,-73.72012814826903,40.72857318176675
Kew Gardens Hills,-73.82087764933566,40.722578244228046
Fresh Meadows,-73.78271337003264,40.7343944653313
Briarwood,-73.81174822458634,40.71093547252271
Jamaica Center,-73.79690165888289,40.70465736068717
Oakland Gardens,-73.75494976234332,40.74561857141855
Queens Village,-73.73871484578424,40.718893092167356
Hollis,-73.75925009335594,40.71124344191904
South Jamaica,-73.7904261313554,40.696911253789885
St. Albans,-73.75867603727717,40.69444538522359
Rochdale,-73.77258787620906,40.67521139591733
Springfield Gardens,-73.76042092682287,40.666230490368584
Cambria Heights,-73.73526873708026,40.692774639160845
Rosedale,-73.73526079428278,40.659816433428084
Far Rockaway,-73.75497968043872,40.603134432500894
Broad Channel,-73.8200548911032,40.60302658351238
Breezy Point,-73.92551196994168,40.55740128845452
Steinway,-73.90228960391673,40.775923015642896
Beechhurst,-73.80436451720988,40.79278140360048
Bay Terrace,-73.7768022262158,40.782842806245554
Edgemere,-73.77613282391705,40.595641807368494
Arverne,-73.79199233136943,40.58914394372971
Rockaway Beach,-73.82236121088751,40.582801696845586
Neponsit,-73.85754672410827,40.572036730217015
Murray Hill,-73.81276269135866,40.764126122614066
Floral Park,-73.70884705889246,40.741378421945434
Holliswood,-73.76714166714729,40.7209572076444
Jamaica Estates,-73.7872269693666,40.71680483014613
Queensboro Hill,-73.82580915110559,40.7445723092867
Hillcrest,-73.79760300912672,40.723824901829204
Ravenswood,-73.93157506072878,40.761704526054146
Lindenwood,-73.84963782402441,40.66391841925139
Laurelton,-73.74025607989822,40.66788389660247
Lefrak City,-73.8625247141374,40.736074570830795
Belle Harbor,-73.8540175039252,40.57615556543109
Rockaway Park,-73.84153370226186,40.58034295646131
Somerville,-73.79664750844047,40.59771061565768
Brookville,-73.75175310731153,40.66000322733613
Bellaire,-73.73889198912481,40.73301404027834
North Corona,-73.85751790676447,40.7540709990489
Forest Hills Gardens,-73.8410221123401,40.7146110815117
St. George,-74.07935312512797,40.6449815710044
New Brighton,-74.08701650516625,40.64061455913511
Stapleton,-74.07790192660066,40.62692762538176
Rosebank,-74.06980526716141,40.61530494652761
West Brighton,-74.1071817826561,40.63187892654607
Grymes Hill,-74.08724819983729,40.624184791313006
Todt Hill,-74.1113288180088,40.59706851814673
South Beach,-74.0795529253982,40.58024741350956
Port Richmond,-74.12943426797008,40.63366930554365
Mariner's Harbor,-74.15008537046981,40.632546390481124
Port Ivory,-74.17464532993542,40.63968297845542
Castleton Corners,-74.11918058534842,40.61333593766742
New Springville,-74.16496031329827,40.594252379161695
Travis,-74.19073717538116,40.58631375103281
New Dorp,-74.1164794360638,40.57257231820632
Oakwood,-74.12156593771896,40.5584622432888
Great Kills,-74.14932381490992,40.549480228713605
Eltingville,-74.1643308041936,40.542230747450745
Annadale,-74.17854866165878,40.53811417474507
Woodrow,-74.20524582480326,40.541967622888755
Tottenville,-74.24656934235283,40.50533376115642
Tompkinsville,-74.08055351790115,40.637316067110326
Silver Lake,-74.09629029235458,40.61919310792676
Sunnyside,-74.0971255217853,40.61276015756489
Ditmas Park,-73.96101312466779,40.643675183340974
Wingate,-73.93718680559314,40.66094656188111
Rugby,-73.92688212616955,40.655572313280764
Park Hill,-74.08015734936296,40.60919044434558
Westerleigh,-74.13304143951704,40.62109047275409
Graniteville,-74.15315246387762,40.620171512231884
Arlington,-74.16510420241124,40.63532509911492
Arrochar,-74.06712363225574,40.596312571276734
Grasmere,-74.0766743627905,40.59826835959991
Old Town,-74.08751118005578,40.59632891379513
Dongan Hills,-74.09639905312521,40.588672948199275
Midland Beach,-74.09348266303591,40.57352690574283
Grant City,-74.10585598545434,40.57621558711788
New Dorp Beach,-74.10432707469124,40.56425549307335
Bay Terrace,-74.13916622175768,40.55398800858462
Huguenot,-74.19174105747814,40.531911920489605
Pleasant Plains,-74.21983106616777,40.524699376118136
Butler Manor,-74.22950350260027,40.50608165346305
Charleston,-74.23215775896526,40.53053148283314
Rossville,-74.21572851113952,40.54940400650072
Arden Heights,-74.18588674583893,40.54928582278321
Greenridge,-74.17079414786092,40.555295236173194
Heartland Village,-74.15902208156601,40.58913894875281
Chelsea,-74.1895604551969,40.59472602746295
Bloomfield,-74.18725638381567,40.60577868452358
Bulls Head,-74.15940948657122,40.6095918004203
Carnegie Hill,-73.95325646837112,40.7826825671257
Noho,-73.98843368023597,40.72325901885768
Civic Center,-74.00541529873355,40.71522892046282
Midtown South,-73.98871313285247,40.7485096643122
Richmond Town,-74.1340572986257,40.56960594275505
Shore Acres,-74.06667766061771,40.60971934079284
Clifton,-74.072642445484,40.61917845202843
Concord,-74.08402364740358,40.6044731896879
Emerson Hill,-74.09776206972522,40.606794394801
Randall Manor,-74.09805062373887,40.63563000681151
Howland Hook,-74.18622331749823,40.63843283794795
Elm Park,-74.1418167896889,40.630146741193826
Remsen Village,-73.91665331978048,40.652117451793494
New Lots,-73.88511776379292,40.6627442796966
Paerdegat Basin,-73.90233474295836,40.63131755039667
Mill Basin,-73.91515391550404,40.61597423962336
Jamaica Hills,-73.79646462081593,40.71145964370482
Utopia,-73.79671678028349,40.73350025429757
Pomonok,-73.80486120040537,40.73493618075478
Astoria Heights,-73.89467996270574,40.7703173929982
Claremont Village,-73.90119903387667,40.83142834161548
Concourse Village,-73.91584652759009,40.824780490842905
Mount Eden,-73.91655551964419,40.84382617671654
Mount Hope,-73.90829930881988,40.84884160724665
Sutton Place,-73.96355614094303,40.76028033131374
Hunters Point,-73.95386782130745,40.743414090073536
Turtle Bay,-73.96770824581834,40.75204236950722
Tudor City,-73.97121928722265,40.746917410740195
Stuyvesant Town,-73.97405170469203,40.73099955477061
Flatiron,-73.9909471052826,40.739673047638426
Sunnyside Gardens,-73.91819286431682,40.74565180608076
Blissville,-73.93244235260178,40.73725071694497
Fulton Ferry,-73.99550751888415,40.70328109093014
Vinegar Hill,-73.98111603592393,40.70332149882874
Weeksville,-73.93053108817338,40.67503986503237
Broadway Junction,-73.90331684852599,40.67786104769531
Dumbo,-73.9887528074504,40.70317632822692
Manor Heights,-74.12059399718001,40.60180957631444
Willowbrook,-74.13208447484298,40.60370692627371
Sandy Ground,-74.21776636068567,40.541139922091766
Egbertville,-74.12727240604946,40.579118742961214
Roxbury,-73.89213760232822,40.56737588957032
Homecrest,-73.95918459428702,40.598525095137255
Middle Village,-73.88114319200604,40.716414511158185
Prince's Bay,-74.20152556457658,40.52626406734812
Lighthouse Hill,-74.13792663771568,40.57650629379489
Richmond Valley,-74.22957080626941,40.51954145748909
Malba,-73.82667757138641,40.79060155670148
Highland Park,-73.890345709872,40.6819989345173
Madison,-73.94841515328893,40.60937770113766
Bronxdale,-73.86172577555115,40.85272297633017
Allerton,-73.85931863221647,40.86578787802982
Kingsbridge Heights,-73.90152264513144,40.8703923914147
Erasmus,-73.94817709920184,40.64692606658579
Hudson Yards,-74.00011136202637,40.75665808227519
Hammels,-73.80553002968718,40.58733774018741
Bayswater,-73.76596781445627,40.611321691283834
Queensbridge,-73.94563070334091,40.756091297094706
Fox Hills,-74.08173992211962,40.61731079252983
